edge,from,to,spieceasi.weight,Pcr,Ppval,sparcc.corr,sparcc.ppvals,union.corr
Otu000002_to_Otu000042,Otu000002,Otu000029,NA,0.852312432,6.72e-09,0.459151168277925,0,0.655731800138962
Otu000002_to_Otu000121,Otu000002,Otu000030,NA,0.834639796,3.12e-08,0.308983086887092,0,0.571811441443546
Otu000002_to_Otu000230,Otu000002,Otu000042,NA,0.597782254,0.001444278,0.381679218768151,0,0.489730736384075
Otu000002_to_Otu000265,Otu000002,Otu000046,NA,0.844844188,1.32e-08,0.354875605514888,0,0.599859896757444
Otu000004_to_Otu000010,Otu000002,Otu000054,NA,0.812890527,1.59e-07,0.519536909304094,0,0.666213718152047
Otu000004_to_Otu000011,Otu000002,Otu000099,NA,0.670012007,0.00016405,0.727705708455269,0,0.698858857727634
Otu000004_to_Otu000016,Otu000002,Otu000111,NA,0.631198273,0.000568328,0.419855753750167,0,0.525527013375083
Otu000004_to_Otu000021,Otu000002,Otu000121,NA,0.529148248,0.006911744,-0.582021244607494,0,-0.026436498303747
Otu000004_to_Otu000024,Otu000002,Otu000159,NA,0.644449279,0.000378623,0.540705986207789,0,0.592577632603895
Otu000004_to_Otu000025,Otu000002,Otu000164,NA,0.782716172,1.06e-06,0.691186794375332,0,0.736951483187666
Otu000004_to_Otu000027,Otu000002,Otu000165,NA,0.550551969,0.004418893,0.355326397559634,0.002,0.452939183279817
Otu000004_to_Otu000028,Otu000002,Otu000180,NA,0.526223921,0.007354929,-0.495344214426149,0,0.0154398532869255
Otu000004_to_Otu000033,Otu000002,Otu000225,NA,0.704337155,4.55e-05,0.626068346832149,0.046,0.665202750916075
Otu000004_to_Otu000042,Otu000002,Otu000230,NA,0.782217739,1.09e-06,0.359208785837263,0,0.570713262418632
Otu000004_to_Otu000066,Otu000002,Otu000265,NA,0.801007931,3.53e-07,-0.525359025831233,0,0.137824452584384
Otu000004_to_Otu000081,Otu000002,Otu000285,NA,0.724785469,1.95e-05,-0.560770453573874,0.028,0.082007507713063
Otu000004_to_Otu000085,Otu000002,Otu000290,NA,0.850569528,7.96e-09,-0.570914065935014,0.016,0.139827731032493
Otu000004_to_Otu000089,Otu000002,Otu000306,NA,0.684740444,9.76e-05,0.679224932914684,0,0.681982688457342
Otu000004_to_Otu000092,Otu000002,Otu000308,NA,0.517378541,0.008771115,0.667107402815153,0,0.592242971907577
Otu000004_to_Otu000099,Otu000002,Otu000325,NA,0.748826065,6.43e-06,-0.654841538353108,0.002,0.046992263323446
Otu000004_to_Otu000105,Otu000002,Otu000370,NA,0.629875964,0.000590403,0.338104181884223,0.002,0.483990072942111
Otu000004_to_Otu000121,Otu000002,Otu000375,NA,0.554321397,0.004087277,0.516103139302877,0.018,0.535212268151439
Otu000004_to_Otu000132,Otu000002,Otu000384,NA,0.562991062,0.003373697,-0.376966344930611,0,0.0930123585346945
Otu000004_to_Otu000141,Otu000002,Otu000391,NA,0.605389938,0.001182196,-0.519493005350962,0.012,0.042948466324519
Otu000004_to_Otu000147,Otu000002,Otu000410,NA,0.770496895,2.1e-06,-0.314102080540366,0.00600000000000001,0.228197407229817
Otu000004_to_Otu000388,Otu000002,Otu000459,NA,0.631424125,0.000564889,0.574429283832716,0,0.602926704416358
Otu000004_to_Otu000402,Otu000002,Otu000470,NA,0.627529398,0.000632185,0.445659992163841,0.002,0.53659469508192
Otu000004_to_Otu000431,Otu000002,Otu000473,NA,0.591933249,0.001681707,0.428936919386173,0,0.510435084193086
Otu000004_to_Otu000492,Otu000002,Otu000484,NA,0.837400349,2.49e-08,-0.337847433977648,0,0.249776457511176
Otu000004_to_Otu000598,Otu000002,Otu000530,NA,0.521845991,0.008019077,0.550540200958099,0.04,0.53619309597905
Otu000009_to_Otu000174,Otu000002,Otu000536,NA,0.671790987,0.000154655,0.361684077193866,0,0.516737532096933
Otu000009_to_Otu000177,Otu000002,Otu000564,NA,0.714769006,2.97e-05,0.479141788918665,0,0.596955397459332
Otu000009_to_Otu000206,Otu000002,Otu000615,NA,0.532050248,0.006507933,-0.573849659506101,0.006,-0.0208997057530505
Otu000009_to_Otu000225,Otu000002,Otu000625,NA,0.608752719,0.001077883,0.393812456594525,0,0.501282587797263
Otu000009_to_Otu000246,Otu000002,Otu000677,NA,0.728275143,1.68e-05,-0.417269377065683,0,0.155502882967158
Otu000009_to_Otu000252,Otu000002,Otu000721,NA,0.762522967,3.22e-06,-0.627144794765439,0.036,0.0676890861172805
Otu000009_to_Otu000260,Otu000002,Otu000731,NA,0.781682738,1.12e-06,0.622785814440185,0,0.702234276220092
Otu000009_to_Otu000281,Otu000002,Otu000751,NA,0.613165854,0.000957688,0.389903585082215,0,0.501534719541108
Otu000009_to_Otu000282,Otu000002,Otu000779,NA,0.514501966,0.00928821,0.730725699828452,0,0.622613832914226
Otu000009_to_Otu000296,Otu000002,Otu000799,NA,0.608124873,0.001096669,-0.412227318688661,0,0.0979487771556695
Otu000009_to_Otu000331,Otu000002,Otu000808,NA,0.753960779,4.96e-06,-0.574885433624135,0,0.0895376726879325
Otu000009_to_Otu000352,Otu000002,Otu000846,NA,0.666022766,0.000188741,0.39346328942681,0,0.529743027713405
Otu000009_to_Otu000366,Otu000002,Otu000901,NA,0.639339077,0.000441788,0.475932219568418,0,0.557635648284209
Otu000009_to_Otu000384,Otu000002,Otu000957,NA,0.585248943,0.001984503,0.332503719355932,0,0.458876331177966
Otu000009_to_Otu000388,Otu000002,Otu000959,NA,0.528199096,0.007055791,-0.585730992860099,0,-0.0287659484300495
Otu000009_to_Otu000394,Otu000002,Otu000978,NA,0.615977946,0.000884046,0.323488078524958,0.002,0.469733012262479
Otu000009_to_Otu000402,Otu000002,Otu001041,NA,0.643978967,0.000383898,-0.44018801945811,0.018,0.101895473770945
Otu000009_to_Otu000431,Otu000002,Otu001050,NA,0.544302214,0.005019899,-0.504761654575235,0,0.0197702797123825
Otu000009_to_Otu000470,Otu000002,Otu001053,NA,0.603908108,0.001224667,0.36892908336019,0,0.486418595680095
Otu000009_to_Otu000508,Otu000002,Otu001059,NA,0.708922269,3.82e-05,0.573468955707639,0,0.641195612353819
Otu000009_to_Otu000537,Otu000002,Otu001100,NA,0.523237695,0.007793683,0.3622831367816,0,0.4427604158908
Otu000009_to_Otu000598,Otu000004,Otu000009,NA,-0.67114509,0.000157979,-0.523392869936728,0,-0.597268979968364
Otu000009_to_Otu000709,Otu000004,Otu000010,NA,0.774832474,1.65e-06,0.514855242093434,0,0.644843858046717
Otu000009_to_Otu000711,Otu000004,Otu000011,NA,0.866588935,1.68e-09,-0.388015169554408,0.012,0.239286882722796
Otu000009_to_Otu000805,Otu000004,Otu000019,NA,0.551493195,0.004349286,0.52576092834142,0,0.53862706167071
Otu000009_to_Otu000807,Otu000004,Otu000021,NA,-0.573293459,0.002664743,0.40206947797152,0,-0.08561199051424
Otu000010_to_Otu000011,Otu000004,Otu000024,NA,0.687139027,8.96e-05,0.548364760704038,0.002,0.617751893852019
Otu000010_to_Otu000019,Otu000004,Otu000025,NA,0.607214584,0.001120542,0.48060631814024,0.028,0.54391045107012
Otu000010_to_Otu000021,Otu000004,Otu000028,NA,-0.692818655,7.28e-05,-0.412894252825213,0.002,-0.552856453912607
Otu000010_to_Otu000024,Otu000004,Otu000033,NA,0.774314417,1.7e-06,0.363287184834221,0.006,0.56880080091711
Otu000010_to_Otu000025,Otu000004,Otu000085,NA,-0.62242215,0.00073617,0.50871247817389,0.00600000000000001,-0.056854835913055
Otu000010_to_Otu000029,Otu000004,Otu000089,NA,0.891289055,1.05e-10,-0.335142131337323,0,0.278073461831339
Otu000010_to_Otu000085,Otu000004,Otu000092,NA,0.724010694,2.01e-05,-0.472712390358472,0,0.125649151820764
Otu000010_to_Otu000092,Otu000004,Otu000150,NA,-0.65014361,0.000317898,0.58534095655615,0,-0.032401326721925
Otu000010_to_Otu000099,Otu000004,Otu000152,NA,0.965794452,1.77e-17,-0.611610259847266,0,0.177092096076367
Otu000010_to_Otu000105,Otu000004,Otu000161,NA,0.884325148,2.29e-10,0.364357756057566,0.004,0.624341452028783
Otu000010_to_Otu000132,Otu000004,Otu000165,NA,-0.585202296,0.001984503,-0.417754998812012,0,-0.501478647406006
Otu000010_to_Otu000141,Otu000004,Otu000168,NA,0.802611617,3.16e-07,-0.32122838062304,0.00600000000000001,0.24069161818848
Otu000010_to_Otu000150,Otu000004,Otu000206,NA,0.917774227,2.65e-12,-0.397597841547473,0.00600000000000001,0.260088192726263
Otu000010_to_Otu000152,Otu000004,Otu000252,NA,0.829141302,4.76e-08,0.593201108608278,0.036,0.711171205304139
Otu000010_to_Otu000165,Otu000004,Otu000260,NA,-0.513314083,0.009519945,-0.48056659528215,0,-0.496940339141075
Otu000010_to_Otu000246,Otu000004,Otu000296,NA,0.547301526,0.004725858,0.335483815484541,0,0.441392670742271
Otu000010_to_Otu000252,Otu000004,Otu000318,NA,-0.516663281,0.008880158,0.528760571077366,0,0.00604864503868296
Otu000010_to_Otu000260,Otu000004,Otu000322,NA,-0.629176601,0.000603224,-0.332057068797694,0.002,-0.480616834898847
Otu000010_to_Otu000366,Otu000004,Otu000331,NA,0.905450906,1.86e-11,-0.402455125092221,0,0.251497890453889
Otu000011_to_Otu000016,Otu000004,Otu000356,NA,0.559559505,0.003636879,0.47198777583426,0,0.51577364041713
Otu000011_to_Otu000019,Otu000004,Otu000388,NA,0.950427599,2.7e-15,0.65569197921146,0,0.80305978910573
Otu000011_to_Otu000027,Otu000004,Otu000394,NA,-0.517323976,0.008779851,0.429048848081262,0.01,-0.044137563959369
Otu000011_to_Otu000028,Otu000004,Otu000402,NA,0.733438529,1.33e-05,-0.668551283196108,0.032,0.032443622901946
Otu000011_to_Otu000042,Otu000004,Otu000505,NA,0.862675048,2.56e-09,0.647237274694815,0,0.754956161347408
Otu000011_to_Otu000322,Otu000004,Otu000537,NA,-0.54758988,0.004700557,-0.502622257039252,0.002,-0.525106068519626
Otu000011_to_Otu000356,Otu000004,Otu000547,NA,-0.617988286,0.000834467,0.307419794745385,0.03,-0.155284245627307
Otu000011_to_Otu000366,Otu000004,Otu000579,NA,0.918687435,2.35e-12,-0.406593933587662,0.026,0.256046750706169
Otu000011_to_Otu000391,Otu000004,Otu000598,NA,0.894696655,7.1e-11,0.363687877640477,0.002,0.629192266320239
Otu000011_to_Otu000537,Otu000004,Otu000602,NA,0.865095202,1.98e-09,-0.384295435538661,0,0.240399883230669
Otu000011_to_Otu000598,Otu000004,Otu000632,NA,0.840574395,1.91e-08,0.533633531575466,0,0.687103963287733
Otu000011_to_Otu000709,Otu000004,Otu000651,NA,0.945330865,9.95e-15,-0.378300082316431,0,0.283515391341784
Otu000011_to_Otu000805,Otu000004,Otu000709,NA,-0.564886945,0.003232857,-0.413784330985545,0,-0.489335637992773
Otu000011_to_Otu000807,Otu000004,Otu000711,NA,0.522948197,0.007839356,-0.361967263694882,0,0.080490466652559
Otu000014_to_Otu000021,Otu000004,Otu000718,NA,0.935525024,1.14e-13,-0.314757296802086,0.018,0.310383863598957
Otu000014_to_Otu000121,Otu000004,Otu000765,NA,-0.511952005,0.009765697,0.331469803631936,0.014,-0.090241100684032
Otu000014_to_Otu000159,Otu000004,Otu000805,NA,-0.556537457,0.003875968,0.325269498259731,0,-0.115633979370135
Otu000014_to_Otu000246,Otu000004,Otu000831,NA,0.525646926,0.007446658,0.37388813782653,0,0.449767531913265
Otu000014_to_Otu000260,Otu000004,Otu000854,NA,0.83388954,3.28e-08,-0.323261791514135,0,0.255313874242933
Otu000014_to_Otu000387,Otu000004,Otu000872,NA,0.572553069,0.002706782,0.391583181362945,0,0.482068125181473
Otu000014_to_Otu000473,Otu000004,Otu000902,NA,-0.581417839,0.002189446,0.318671589297768,0,-0.131373124851116
Otu000014_to_Otu000492,Otu000004,Otu000910,NA,-0.646341755,0.000357751,-0.340442669468404,0,-0.493392212234202
Otu000014_to_Otu000508,Otu000004,Otu000968,NA,-0.550295428,0.004440546,-0.372553336539286,0,-0.461424382269643
Otu000014_to_Otu000709,Otu000004,Otu000988,NA,-0.553551033,0.004164844,-0.383415878983549,0,-0.468483455991774
Otu000014_to_Otu000805,Otu000004,Otu001001,NA,-0.553473449,0.004168234,-0.348160675492793,0,-0.450817062246397
Otu000016_to_Otu000092,Otu000009,Otu000010,NA,-0.572129743,0.002734598,0.359096325930836,0.00600000000000001,-0.106516708534582
Otu000016_to_Otu000152,Otu000009,Otu000011,NA,-0.722807188,2.12e-05,0.361035126265737,0.02,-0.180886030867131
Otu000019_to_Otu000021,Otu000009,Otu000019,NA,-0.759419962,3.81e-06,-0.667726008691227,0,-0.713572985345613
Otu000019_to_Otu000025,Otu000009,Otu000021,NA,0.813367543,1.55e-07,0.67366390042747,0.01,0.743515721713735
Otu000019_to_Otu000027,Otu000009,Otu000025,NA,-0.571490846,0.002774085,0.315830576543916,0.002,-0.127830134728042
Otu000019_to_Otu000028,Otu000009,Otu000033,NA,-0.727589475,1.72e-05,-0.554215682802967,0.022,-0.640902578901483
Otu000019_to_Otu000039,Otu000009,Otu000042,NA,-0.629618952,0.000595441,-0.650273266764263,0,-0.639946109382131
Otu000019_to_Otu000042,Otu000009,Otu000066,NA,0.635827164,0.000490238,0.523592630298845,0.004,0.579709897149422
Otu000019_to_Otu000066,Otu000009,Otu000075,NA,-0.552587329,0.004249403,-0.561452449026333,0.006,-0.557019889013166
Otu000019_to_Otu000081,Otu000009,Otu000082,NA,-0.525810441,0.007424673,-0.389148143146032,0.014,-0.457479292073016
Otu000019_to_Otu000085,Otu000009,Otu000085,NA,0.734286676,1.28e-05,-0.62107467475072,0,0.05660600062464
Otu000019_to_Otu000089,Otu000009,Otu000089,NA,-0.558755373,0.003691059,0.65134630633227,0.01,0.046295466666135
Otu000019_to_Otu000092,Otu000009,Otu000105,NA,-0.665729625,0.000190493,0.63898124202256,0.006,-0.01337419148872
Otu000019_to_Otu000121,Otu000009,Otu000121,NA,-0.657891991,0.000246433,0.650324424869209,0,-0.00378378306539545
Otu000019_to_Otu000141,Otu000009,Otu000141,NA,0.795912779,4.81e-07,-0.536797859874795,0.008,0.129557459562603
Otu000019_to_Otu000150,Otu000009,Otu000150,NA,0.594750014,0.001571106,-0.582167024396396,0.012,0.00629149480180202
Otu000019_to_Otu000165,Otu000009,Otu000152,NA,-0.60881642,0.001077074,-0.497865617006616,0.012,-0.553341018503308
Otu000019_to_Otu000206,Otu000009,Otu000161,NA,-0.572543402,0.002706782,0.496675272388437,0.006,-0.0379340648057815
Otu000019_to_Otu000252,Otu000009,Otu000168,NA,-0.573214133,0.002668313,0.571977143272539,0.02,-0.000618494863730501
Otu000019_to_Otu000260,Otu000009,Otu000206,NA,-0.585043118,0.001992107,-0.439914180454505,0,-0.512478649227253
Otu000019_to_Otu000296,Otu000009,Otu000246,NA,-0.62589649,0.000666322,0.328011599751151,0.004,-0.148942445124425
Otu000019_to_Otu000331,Otu000009,Otu000252,NA,-0.567931762,0.003013032,0.595535476150795,0.032,0.0138018570753976
Otu000019_to_Otu000388,Otu000009,Otu000265,NA,-0.551496559,0.004349286,0.513757668219397,0,-0.0188694453903016
Otu000019_to_Otu000431,Otu000009,Otu000296,NA,-0.546779417,0.004771192,0.401323420044521,0,-0.0727279984777395
Otu000019_to_Otu000492,Otu000009,Otu000309,NA,-0.597322543,0.001459769,-0.427994081820283,0.014,-0.512658312410141
Otu000019_to_Otu000807,Otu000009,Otu000322,NA,0.697113037,6.16e-05,-0.428802384514655,0.004,0.134155326242673
Otu000021_to_Otu000028,Otu000009,Otu000331,NA,-0.712914751,3.23e-05,0.82658048404262,0.028,0.05683286652131
Otu000021_to_Otu000033,Otu000009,Otu000356,NA,-0.690811979,7.84e-05,-0.594519565277725,0,-0.642665772138862
Otu000021_to_Otu000066,Otu000009,Otu000375,NA,-0.516154612,0.00896925,0.893092039001148,0,0.188468713500574
Otu000021_to_Otu000081,Otu000009,Otu000388,NA,-0.635738111,0.000491477,0.439976791242499,0.02,-0.0978806598787505
Otu000021_to_Otu000431,Otu000009,Otu000391,NA,-0.662910426,0.000208146,-0.477994136183886,0.006,-0.570452281091943
Otu000021_to_Otu000547,Otu000009,Otu000402,NA,-0.604429558,0.001207539,0.420906966199118,0.032,-0.091761295900441
Otu000021_to_Otu000709,Otu000009,Otu000410,NA,-0.564502253,0.003259547,0.606935246667624,0.038,0.021216496833812
Otu000021_to_Otu000805,Otu000009,Otu000422,NA,0.620629649,0.000774176,0.589996546106882,0.00800000000000001,0.605313097553441
Otu000021_to_Otu000807,Otu000009,Otu000428,NA,-0.578609367,0.002354021,0.491376017458326,0,-0.043616674770837
Otu000021_to_Otu000827,Otu000009,Otu000431,NA,-0.644650173,0.000376941,0.438823303234433,0,-0.102913434882784
Otu000024_to_Otu000025,Otu000009,Otu000492,NA,0.59022444,0.001752677,0.458688544141915,0,0.524456492070957
Otu000024_to_Otu000039,Otu000009,Otu000505,NA,-0.639585467,0.000439094,-0.528753722364226,0,-0.584169594682113
Otu000024_to_Otu000042,Otu000009,Otu000508,NA,0.615769522,0.000888613,0.380761274759239,0,0.498265398379619
Otu000024_to_Otu000081,Otu000009,Otu000562,NA,-0.604429653,0.001207539,-0.347031542396859,0,-0.47573059769843
Otu000024_to_Otu000089,Otu000009,Otu000579,NA,-0.729437392,1.59e-05,0.640252187833328,0,-0.044592602083336
Otu000024_to_Otu000092,Otu000009,Otu000598,NA,-0.636110371,0.000486609,0.633318442946028,0,-0.001395964026986
Otu000024_to_Otu000099,Otu000009,Otu000602,NA,-0.654954964,0.000270978,-0.407272178601842,0,-0.531113571300921
Otu000024_to_Otu000105,Otu000009,Otu000616,NA,-0.564218544,0.003278457,0.370621563616094,0.002,-0.096798490191953
Otu000024_to_Otu000141,Otu000009,Otu000632,NA,-0.731410019,1.45e-05,-0.42117539727018,0.012,-0.57629270813509
Otu000024_to_Otu000152,Otu000009,Otu000651,NA,-0.546174236,0.004825816,0.545200737772822,0,-0.000486749113589036
Otu000024_to_Otu000388,Otu000009,Otu000709,NA,0.785485255,9.05e-07,0.422568540451812,0.032,0.604026897725906
Otu000024_to_Otu000431,Otu000009,Otu000711,NA,-0.60921741,0.001067447,0.374188160107982,0,-0.117514624946009
Otu000024_to_Otu000709,Otu000009,Otu000718,NA,-0.60692937,0.001129092,-0.34421725816994,0.036,-0.47557331408497
Otu000025_to_Otu000027,Otu000009,Otu000719,NA,-0.518394679,0.0085921,0.551413202707331,0,0.0165092618536655
Otu000025_to_Otu000028,Otu000009,Otu000722,NA,0.723873164,2.02e-05,-0.677378883930036,0.002,0.023247140034982
Otu000025_to_Otu000042,Otu000009,Otu000805,NA,0.844325179,1.39e-08,0.487459555469307,0,0.665892367234654
Otu000025_to_Otu000081,Otu000009,Otu000807,NA,0.649357364,0.000326064,-0.561303674769553,0.002,0.0440268446152235
Otu000025_to_Otu000085,Otu000009,Otu000856,NA,0.572994421,0.002678961,-0.667537341703371,0.00800000000000001,-0.0472714603516855
Otu000025_to_Otu000121,Otu000009,Otu000872,NA,-0.522486103,0.007910921,0.615506518212119,0.026,0.0465102076060595
Otu000025_to_Otu000206,Otu000009,Otu000910,NA,0.807256927,2.33e-07,0.510831833372584,0.004,0.659044380186292
Otu000025_to_Otu000402,Otu000009,Otu000968,NA,0.602203251,0.001280922,0.36463877662374,0,0.48342101381187
Otu000025_to_Otu000431,Otu000009,Otu000978,NA,-0.603754789,0.001227859,0.418121717925448,0.012,-0.092816535537276
Otu000025_to_Otu000470,Otu000009,Otu000988,NA,0.525926672,0.007405454,-0.405047799929641,0,0.0604394360351795
Otu000025_to_Otu000492,Otu000009,Otu001053,NA,-0.556603366,0.003872311,-0.474410238319079,0,-0.515506802159539
Otu000025_to_Otu000508,Otu000010,Otu000011,NA,0.814832234,1.41e-07,-0.43109943306615,0.024,0.191866400466925
Otu000025_to_Otu000598,Otu000010,Otu000025,NA,0.648053804,0.000340831,0.450535812332019,0,0.54929480816601
Otu000025_to_Otu000709,Otu000010,Otu000028,NA,-0.625059209,0.000681248,-0.354255279715055,0.024,-0.489657244357527
Otu000025_to_Otu000711,Otu000010,Otu000033,NA,0.921779129,1.5e-12,0.424604289388074,0.01,0.673191709194037
Otu000025_to_Otu000805,Otu000010,Otu000085,NA,-0.532771009,0.006420105,-0.389866263135615,0.02,-0.461318636067807
Otu000027_to_Otu000085,Otu000010,Otu000089,NA,0.607137607,0.001122712,-0.322174481587827,0,0.142481562706086
Otu000027_to_Otu000092,Otu000010,Otu000092,NA,0.892023192,9.65e-11,0.303898342283149,0,0.597960767141575
Otu000027_to_Otu000105,Otu000010,Otu000150,NA,-0.564525422,0.003258934,0.343697757523073,0.002,-0.110413832238463
Otu000027_to_Otu000121,Otu000010,Otu000152,NA,0.806946487,2.37e-07,0.373532896235276,0,0.590239691617638
Otu000027_to_Otu000129,Otu000010,Otu000161,NA,0.828232019,5.08e-08,0.529227762789835,0,0.678729890894918
Otu000027_to_Otu000141,Otu000010,Otu000168,NA,0.949590872,3.33e-15,-0.357748151865017,0,0.295921360067491
Otu000027_to_Otu000152,Otu000010,Otu000206,NA,0.854735836,5.48e-09,0.365423672960337,0,0.610079754480168
Otu000027_to_Otu000180,Otu000010,Otu000252,NA,0.852674913,6.53e-09,-0.398419360115865,0.002,0.227127776442067
Otu000027_to_Otu000431,Otu000010,Otu000296,NA,0.657844669,0.000246564,0.315805509692392,0,0.486825089346196
Otu000028_to_Otu000033,Otu000010,Otu000322,NA,-0.539677968,0.005544681,-0.52554597590902,0.004,-0.53261197195451
Otu000028_to_Otu000039,Otu000010,Otu000331,NA,0.90655118,1.57e-11,0.429206725680123,0,0.667878952840061
Otu000028_to_Otu000042,Otu000010,Otu000388,NA,0.702285825,4.98e-05,-0.398950624493495,0.004,0.151667600253253
Otu000028_to_Otu000081,Otu000010,Otu000402,NA,0.898483528,4.64e-11,0.32584161339752,0,0.61216257069876
Otu000028_to_Otu000085,Otu000010,Otu000505,NA,0.882291302,2.92e-10,0.769742487992637,0.01,0.826016894996318
Otu000028_to_Otu000089,Otu000010,Otu000547,NA,-0.546115375,0.00482945,-0.471878886070401,0.004,-0.5089971305352
Otu000028_to_Otu000129,Otu000010,Otu000579,NA,0.901069566,3.28e-11,-0.304167149742921,0.002,0.29845120812854
Otu000028_to_Otu000141,Otu000010,Otu000598,NA,0.740306494,9.7e-06,0.634008695135202,0,0.687157594567601
Otu000028_to_Otu000152,Otu000010,Otu000602,NA,0.788057676,7.79e-07,-0.48427622710118,0,0.15189072444941
Otu000028_to_Otu000174,Otu000010,Otu000632,NA,0.728420746,1.67e-05,0.310743778929035,0,0.519582262464517
Otu000028_to_Otu000206,Otu000010,Otu000651,NA,0.664170212,0.000200962,-0.344534012189979,0.01,0.159818099905011
Otu000028_to_Otu000252,Otu000010,Otu000711,NA,0.841493945,1.78e-08,-0.395712481155538,0,0.222890731922231
Otu000028_to_Otu000265,Otu000010,Otu000718,NA,0.685695459,9.44e-05,-0.401608297850042,0,0.142043580574979
Otu000028_to_Otu000331,Otu000010,Otu000831,NA,0.873568719,7.8e-10,-0.418830292428677,0,0.227369213285662
Otu000028_to_Otu000356,Otu000010,Otu000910,NA,-0.564468374,0.003261168,-0.376841104529667,0.026,-0.470654739264834
Otu000028_to_Otu000384,Otu000011,Otu000019,NA,0.560161178,0.003591347,0.334823949927475,0.00800000000000001,0.447492563963737
Otu000028_to_Otu000388,Otu000011,Otu000021,NA,-0.631999713,0.000554478,-0.463213740152414,0.046,-0.547606726576207
Otu000028_to_Otu000431,Otu000011,Otu000024,NA,0.767476368,2.49e-06,-0.442934350058444,0.012,0.162271008970778
Otu000028_to_Otu000508,Otu000011,Otu000025,NA,0.511280173,0.009890544,0.475145408456642,0.002,0.493212790728321
Otu000028_to_Otu000709,Otu000011,Otu000028,NA,-0.658003469,0.000245647,0.426954938097251,0.004,-0.115524265451374
Otu000029_to_Otu000196,Otu000011,Otu000033,NA,0.896743627,5.73e-11,-0.321104243984051,0.008,0.287819691507974
Otu000030_to_Otu000042,Otu000011,Otu000066,NA,-0.554620091,0.004058778,0.380597904381137,0,-0.0870110933094315
Otu000033_to_Otu000121,Otu000011,Otu000085,NA,-0.691052049,7.77e-05,0.623484709469437,0.004,-0.0337836697652815
Otu000033_to_Otu000174,Otu000011,Otu000089,NA,0.647439,0.00034669,-0.321922567383188,0.03,0.162758216308406
Otu000033_to_Otu000537,Otu000011,Otu000092,NA,0.758721686,3.92e-06,-0.335490445425842,0,0.211615620287079
Otu000033_to_Otu000598,Otu000011,Otu000141,NA,-0.531246302,0.006607261,0.451514564264487,0,-0.0398658688677565
Otu000033_to_Otu000719,Otu000011,Otu000150,NA,-0.692755919,7.3e-05,0.325045298006501,0,-0.183855310496749
Otu000033_to_Otu000805,Otu000011,Otu000152,NA,0.868307108,1.39e-09,-0.353961158327616,0,0.257172974836192
Otu000039_to_Otu000042,Otu000011,Otu000161,NA,0.904158777,2.24e-11,-0.350374453504986,0,0.276892161747507
Otu000039_to_Otu000081,Otu000011,Otu000165,NA,-0.529027043,0.006928053,0.624291029969825,0,0.0476319934849125
Otu000039_to_Otu000085,Otu000011,Otu000168,NA,0.862306551,2.65e-09,0.687449000859211,0,0.774877775929605
Otu000039_to_Otu000099,Otu000011,Otu000206,NA,0.839718517,2.04e-08,0.855852822298582,0,0.847785669649291
Otu000039_to_Otu000105,Otu000011,Otu000252,NA,0.868784759,1.32e-09,-0.545855350181217,0.038,0.161464704409391
Otu000039_to_Otu000121,Otu000011,Otu000260,NA,-0.558925549,0.003679256,-0.472495783198931,0.024,-0.515710666099465
Otu000039_to_Otu000132,Otu000011,Otu000296,NA,0.527076548,0.007231809,0.506557131167917,0.022,0.516816839583959
Otu000039_to_Otu000164,Otu000011,Otu000318,NA,-0.523676864,0.007742135,0.303496718967478,0,-0.110090072516261
Otu000042_to_Otu000391,Otu000011,Otu000322,NA,-0.695740625,6.53e-05,0.375331297530449,0,-0.160204663734775
Otu000042_to_Otu000537,Otu000011,Otu000331,NA,0.877127986,5.31e-10,-0.474502331067507,0,0.201312827466246
Otu000042_to_Otu000805,Otu000011,Otu000388,NA,0.755572383,4.61e-06,-0.450206398828099,0,0.15268299208595
Otu000042_to_Otu000807,Otu000011,Otu000394,NA,-0.618822037,0.000814076,-0.340477571146691,0,-0.479649804073346
Otu000046_to_Otu000089,Otu000011,Otu000402,NA,0.85616793,4.78e-09,-0.334303847749598,0,0.260932041125201
Otu000046_to_Otu000159,Otu000011,Otu000456,NA,0.56653539,0.003108112,0.315219975381484,0,0.440877682690742
Otu000066_to_Otu000265,Otu000011,Otu000505,NA,0.802925332,3.12e-07,-0.432867086927837,0.00600000000000001,0.185029122536082
Otu000066_to_Otu000296,Otu000011,Otu000508,NA,-0.560677459,0.003558875,-0.388016406755377,0.046,-0.474346932877688
Otu000066_to_Otu000318,Otu000011,Otu000537,NA,-0.571064734,0.002796582,0.440059075077388,0.002,-0.065502829461306
Otu000066_to_Otu000537,Otu000011,Otu000547,NA,-0.591367413,0.001707115,0.432131875674763,0.022,-0.0796177686626185
Otu000081_to_Otu000099,Otu000011,Otu000579,NA,0.940138456,3.74e-14,0.64303080627341,0,0.791584631136705
Otu000081_to_Otu000121,Otu000011,Otu000598,NA,0.918516517,2.38e-12,-0.403089094233843,0.002,0.257713711383079
Otu000081_to_Otu000150,Otu000011,Otu000602,NA,0.90081757,3.38e-11,0.506568166664228,0.004,0.703692868332114
Otu000081_to_Otu000152,Otu000011,Otu000632,NA,0.981182424,6.21e-21,-0.461164426127664,0.004,0.260008998936168
Otu000081_to_Otu000174,Otu000011,Otu000651,NA,0.714774727,2.97e-05,0.463397278380007,0.004,0.589086002690004
Otu000081_to_Otu000206,Otu000011,Otu000709,NA,-0.620622551,0.000774176,-0.43697893228624,0.034,-0.52880074164312
Otu000081_to_Otu000282,Otu000011,Otu000711,NA,0.690687574,7.88e-05,0.361147929732757,0.016,0.525917751866378
Otu000081_to_Otu000296,Otu000011,Otu000718,NA,0.773312146,1.8e-06,-0.46027204594025,0.014,0.156520050029875
Otu000081_to_Otu000366,Otu000011,Otu000722,NA,-0.529241598,0.006900437,0.319371886054509,0.008,-0.104934855972746
Otu000081_to_Otu000388,Otu000011,Otu000765,NA,-0.552321094,0.004273311,-0.414346031150877,0,-0.483333562575438
Otu000081_to_Otu000470,Otu000011,Otu000805,NA,-0.609838217,0.001052156,0.311090220622169,0,-0.149373998188915
Otu000081_to_Otu000537,Otu000011,Otu000807,NA,-0.573945118,0.002622822,0.300790685260564,0.046,-0.136577216369718
Otu000081_to_Otu000580,Otu000011,Otu000831,NA,0.632332604,0.000549437,0.473483441806733,0.006,0.552908022903366
Otu000081_to_Otu000598,Otu000011,Otu000902,NA,-0.584883025,0.001999794,-0.447723316439942,0,-0.516303170719971
Otu000081_to_Otu000711,Otu000011,Otu000910,NA,-0.683399231,0.000102694,-0.323573802118977,0.016,-0.503486516559489
Otu000081_to_Otu000731,Otu000011,Otu000968,NA,-0.625695183,0.000668909,0.3054610629303,0.008,-0.16011706003485
Otu000085_to_Otu000105,Otu000011,Otu000988,NA,-0.556832673,0.003852656,-0.36102582622525,0.01,-0.458929249612625
Otu000085_to_Otu000150,Otu000011,Otu001001,NA,-0.589025851,0.001807522,0.832485119640751,0.036,0.121729634320375
Otu000085_to_Otu000276,Otu000014,Otu000029,NA,0.55317591,0.004199156,0.370072844521801,0.012,0.4616243772609
Otu000085_to_Otu000384,Otu000014,Otu000042,NA,0.577382436,0.002421026,0.347789891962195,0.002,0.462586163981098
Otu000085_to_Otu000547,Otu000014,Otu000075,NA,0.587575302,0.001869255,0.41638140583207,0.028,0.501978353916035
Otu000085_to_Otu000598,Otu000014,Otu000082,NA,0.799999428,3.72e-07,-0.45816533352447,0.016,0.170917047237765
Otu000089_to_Otu000105,Otu000014,Otu000105,NA,0.519924402,0.008332999,0.412535343869129,0,0.466229872934565
Otu000089_to_Otu000121,Otu000014,Otu000111,NA,0.737227995,1.11e-05,0.408974047034556,0,0.573101021017278
Otu000089_to_Otu000141,Otu000014,Otu000121,NA,0.679023882,0.000120612,-0.464521601943327,0,0.107251140028336
Otu000089_to_Otu000147,Otu000014,Otu000132,NA,0.794346185,5.3e-07,-0.321449090147705,0,0.236448547426147
Otu000089_to_Otu000150,Otu000014,Otu000159,NA,0.685165662,9.62e-05,-0.568756306589889,0,0.0582046777050555
Otu000089_to_Otu000152,Otu000014,Otu000164,NA,0.542584512,0.005225346,0.653290593928539,0,0.59793755296427
Otu000089_to_Otu000159,Otu000014,Otu000180,NA,0.516776065,0.008872003,-0.338585523269157,0.034,0.0890952708654215
Otu000089_to_Otu000165,Otu000014,Otu000225,NA,0.712544886,3.28e-05,-0.469772219998415,0.016,0.121386333000792
Otu000089_to_Otu000225,Otu000014,Otu000230,NA,0.725600563,1.88e-05,-0.468098300385253,0,0.128751131307373
Otu000089_to_Otu000252,Otu000014,Otu000246,NA,0.759088189,3.88e-06,0.620935903786476,0,0.690012046393238
Otu000089_to_Otu000260,Otu000014,Otu000265,NA,0.694450724,6.84e-05,-0.55578197228072,0,0.06933437585964
Otu000089_to_Otu000281,Otu000014,Otu000285,NA,0.623878069,0.000705752,-0.40064677429421,0,0.111615647352895
Otu000089_to_Otu000296,Otu000014,Otu000308,NA,0.678641647,0.000121994,0.561743112068925,0.024,0.620192379534462
Otu000089_to_Otu000318,Otu000014,Otu000309,NA,0.67285848,0.000148994,-0.525140078094048,0,0.073859200952976
Otu000089_to_Otu000322,Otu000014,Otu000325,NA,0.800584939,3.59e-07,-0.334282210728662,0,0.233151364135669
Otu000089_to_Otu000508,Otu000014,Otu000339,NA,0.617135054,0.000854753,-0.359698065177858,0,0.128718494411071
Otu000089_to_Otu000711,Otu000014,Otu000387,NA,0.880743248,3.5e-10,0.393987546186463,0.038,0.637365397093231
Otu000089_to_Otu000719,Otu000014,Otu000391,NA,0.642285542,0.000405952,0.377868569202448,0,0.510077055601224
Otu000092_to_Otu000099,Otu000014,Otu000410,NA,0.639921394,0.000434968,-0.58851268686724,0.002,0.02570435356638
Otu000092_to_Otu000132,Otu000014,Otu000428,NA,0.533293802,0.006351486,-0.308309068930507,0.004,0.112492366534746
Otu000092_to_Otu000150,Otu000014,Otu000431,NA,0.607801728,0.001103005,-0.586138881914035,0.00600000000000001,0.0108314230429825
Otu000092_to_Otu000152,Otu000014,Otu000441,NA,0.840227527,1.96e-08,0.716142247298913,0.002,0.778184887149457
Otu000092_to_Otu000318,Otu000014,Otu000450,NA,0.537682234,0.005806686,-0.468409914931072,0,0.034636159534464
Otu000092_to_Otu000470,Otu000014,Otu000459,NA,0.644319929,0.000380179,-0.387437434619622,0.008,0.128441247190189
Otu000092_to_Otu000492,Otu000014,Otu000467,NA,0.615261433,0.000901201,-0.439966241485581,0,0.0876475957572095
Otu000092_to_Otu000508,Otu000014,Otu000473,NA,0.59618316,0.001506123,-0.477649979531133,0,0.0592665902344335
Otu000092_to_Otu000709,Otu000014,Otu000484,NA,0.645539665,0.000366769,-0.351290025654432,0.022,0.147124819672784
Otu000092_to_Otu000805,Otu000014,Otu000530,NA,0.593530408,0.001619096,-0.347050868997059,0,0.123239769501471
Otu000092_to_Otu000807,Otu000014,Otu000536,NA,0.771895315,1.95e-06,-0.307502349511319,0,0.23219648274434
Otu000099_to_Otu000147,Otu000014,Otu000564,NA,0.760835695,3.52e-06,0.407853037966431,0.022,0.584344366483216
Otu000099_to_Otu000164,Otu000014,Otu000575,NA,0.526275623,0.007348291,0.45384621304522,0.006,0.49006091802261
Otu000099_to_Otu000165,Otu000014,Otu000615,NA,0.570345614,0.002849302,0.646845133923294,0.018,0.608595373961647
Otu000099_to_Otu000281,Otu000014,Otu000616,NA,0.548325781,0.004628965,0.501016908354074,0.012,0.524671344677037
Otu000099_to_Otu000318,Otu000014,Otu000625,NA,0.560347307,0.00357738,0.438120517763276,0.006,0.499233912381638
Otu000099_to_Otu000331,Otu000014,Otu000629,NA,0.732024154,1.41e-05,-0.605943212551786,0.004,0.063040470724107
Otu000099_to_Otu000352,Otu000014,Otu000721,NA,0.747156996,6.99e-06,0.354856503155797,0,0.551006749577899
Otu000099_to_Otu000366,Otu000014,Otu000799,NA,0.579588361,0.002297437,0.504507591938115,0.034,0.542047976469058
Otu000099_to_Otu000388,Otu000014,Otu000842,NA,0.645201769,0.000370323,-0.558030075587959,0.044,0.0435858467060205
Otu000099_to_Otu000431,Otu000014,Otu000846,NA,0.56406502,0.003291387,-0.393974998489215,0.004,0.0850450107553925
Otu000099_to_Otu000470,Otu000014,Otu000901,NA,0.677632264,0.000125993,0.386401952285034,0.004,0.532017108142517
Otu000099_to_Otu000598,Otu000014,Otu000966,NA,0.688519731,8.51e-05,-0.544779450712533,0.006,0.0718701401437335
Otu000099_to_Otu000719,Otu000014,Otu000978,NA,0.584181848,0.00203242,-0.31021961222623,0,0.136981117886885
Otu000105_to_Otu000246,Otu000014,Otu001041,NA,0.528252716,0.00704877,0.303391341315365,0.032,0.415822028657682
Otu000105_to_Otu000388,Otu000014,Otu001050,NA,0.660494474,0.00022613,0.346032462237389,0.026,0.503263468118694
Otu000111_to_Otu000141,Otu000014,Otu001053,NA,0.564966725,0.003226967,-0.362319520427152,0.004,0.101323602286424
Otu000111_to_Otu000805,Otu000014,Otu001059,NA,0.685055679,9.64e-05,-0.365802546218478,0,0.159626566390761
Otu000121_to_Otu000141,Otu000014,Otu001100,NA,0.644995174,0.00037235,-0.614516534843855,0,0.0152393195780725
Otu000121_to_Otu000150,Otu000016,Otu000019,NA,0.672801188,0.000149105,-0.644581837350609,0,0.0141096753246955
Otu000121_to_Otu000152,Otu000016,Otu000042,NA,0.613581054,0.00094799,0.542177801445481,0.018,0.57787942772274
Otu000121_to_Otu000177,Otu000016,Otu000121,NA,0.559370235,0.003645088,-0.359512497406513,0,0.0999288687967435
Otu000121_to_Otu000206,Otu000016,Otu000431,NA,0.532823248,0.006413883,0.424370419000779,0,0.47859683350039
Otu000121_to_Otu000246,Otu000016,Otu000719,NA,0.606203019,0.001151587,0.54760247487759,0,0.576902746938795
Otu000121_to_Otu000252,Otu000016,Otu000799,NA,0.532190749,0.00649789,0.419607708472046,0,0.475899228736023
Otu000121_to_Otu000260,Otu000016,Otu000978,NA,0.534633151,0.006184781,-0.483928217800748,0,0.025352466599626
Otu000121_to_Otu000265,Otu000019,Otu000021,NA,-0.74609763,7.37e-06,0.514441571307563,0,-0.115828029346218
Otu000121_to_Otu000276,Otu000019,Otu000025,NA,0.511470749,0.009854964,-0.335290537204233,0.018,0.0880901058978835
Otu000121_to_Otu000282,Otu000019,Otu000033,NA,0.593918491,0.001604474,-0.569147848072751,0,0.0123853214636245
Otu000121_to_Otu000296,Otu000019,Otu000042,NA,0.814222982,1.47e-07,0.317468397405286,0,0.565845689702643
Otu000121_to_Otu000318,Otu000019,Otu000054,NA,0.603319335,0.001243248,-0.349545784233428,0,0.126886775383286
Otu000121_to_Otu000331,Otu000019,Otu000066,NA,-0.642102743,0.000408109,0.433856790029601,0.004,-0.1041229764852
Otu000121_to_Otu000410,Otu000019,Otu000075,NA,0.558273728,0.003730834,0.330657999581459,0,0.444465863790729
Otu000121_to_Otu000492,Otu000019,Otu000082,NA,0.536231083,0.005968462,-0.539019176097413,0.016,-0.00139404654870651
Otu000121_to_Otu000508,Otu000019,Otu000085,NA,-0.738085999,1.07e-05,-0.532742202550824,0,-0.635414100775412
Otu000121_to_Otu000598,Otu000019,Otu000089,NA,0.532619015,0.006440556,0.328103610498635,0.014,0.430361312749317
Otu000129_to_Otu000356,Otu000019,Otu000105,NA,0.571296425,0.002784517,0.326773020876073,0.008,0.449034722938036
Otu000130_to_Otu000147,Otu000019,Otu000121,NA,0.627962283,0.000625495,0.32671670412821,0.018,0.477339493564105
Otu000132_to_Otu000159,Otu000019,Otu000141,NA,-0.574272212,0.002605534,0.304919656848029,0.022,-0.134676277575985
Otu000132_to_Otu000252,Otu000019,Otu000150,NA,-0.658222822,0.000244147,-0.373263754855945,0.042,-0.515743288427972
Otu000141_to_Otu000492,Otu000019,Otu000190,NA,0.548564465,0.004602734,0.647508501129484,0,0.598036483064742
Otu000141_to_Otu000508,Otu000019,Otu000230,NA,0.621751506,0.000749925,0.46528298850715,0,0.543517247253575
Otu000141_to_Otu000537,Otu000019,Otu000246,NA,0.578876242,0.002338812,0.370607203042289,0,0.474741722521144
Otu000141_to_Otu000547,Otu000019,Otu000265,NA,0.676961603,0.00012838,0.30247006011926,0,0.48971583155963
Otu000141_to_Otu000598,Otu000019,Otu000285,NA,0.517454951,0.008757614,-0.358950907974673,0,0.0792520215126635
Otu000141_to_Otu000711,Otu000019,Otu000290,NA,0.519311753,0.008437213,-0.364373248347149,0,0.0774692523264255
Otu000141_to_Otu000827,Otu000019,Otu000309,NA,0.667143999,0.000181649,0.457031512624658,0.036,0.562087755812329
Otu000147_to_Otu000159,Otu000019,Otu000322,NA,-0.683573328,0.000102127,0.356822658439992,0,-0.163375334780004
Otu000147_to_Otu000164,Otu000019,Otu000325,NA,0.511244397,0.009895705,0.335046338921808,0.03,0.423145367960904
Otu000147_to_Otu000174,Otu000019,Otu000331,NA,0.593193159,0.001633674,0.381843055137061,0,0.48751810706853
Otu000147_to_Otu000180,Otu000019,Otu000356,NA,0.695071584,6.68e-05,0.542740773582237,0.026,0.618906178791119
Otu000147_to_Otu000260,Otu000019,Otu000375,NA,0.54585078,0.004856111,0.551809852182853,0.012,0.548830316091427
Otu000147_to_Otu000530,Otu000019,Otu000388,NA,0.574314035,0.002603623,0.314882319161364,0.036,0.444598177080682
Otu000150_to_Otu000260,Otu000019,Otu000391,NA,0.647999091,0.000340994,0.610820158887538,0.002,0.629409624943769
Otu000150_to_Otu000282,Otu000019,Otu000422,NA,-0.617317026,0.000850555,0.595061387055777,0.01,-0.0111278194721115
Otu000150_to_Otu000331,Otu000019,Otu000431,NA,0.727911423,1.7e-05,-0.487568330508,0,0.120171546246
Otu000164_to_Otu000177,Otu000019,Otu000492,NA,-0.573528435,0.002651605,-0.316401195417747,0,-0.444964815208873
Otu000164_to_Otu000276,Otu000019,Otu000505,NA,0.574850384,0.002575512,-0.381398610847435,0,0.0967258865762825
Otu000164_to_Otu000551,Otu000019,Otu000508,NA,-0.622313661,0.000737867,-0.310303391798315,0.024,-0.466308526399157
Otu000164_to_Otu000709,Otu000019,Otu000536,NA,0.557737062,0.0037711,-0.346514101208418,0.006,0.105611480395791
Otu000165_to_Otu000206,Otu000019,Otu000562,NA,0.545517124,0.00489001,-0.438851352192528,0,0.053332885903736
Otu000165_to_Otu000252,Otu000019,Otu000579,NA,0.569430518,0.002915279,-0.549237184830971,0,0.0100966665845145
Otu000165_to_Otu000260,Otu000019,Otu000632,NA,0.58114694,0.002204566,0.49724232569481,0,0.539194632847405
Otu000165_to_Otu000282,Otu000019,Otu000709,NA,-0.719835206,2.41e-05,0.443224953046024,0,-0.138305126476988
Otu000165_to_Otu000296,Otu000019,Otu000718,NA,0.56769022,0.003031359,-0.411263479586407,0,0.0782133702067965
Otu000165_to_Otu000318,Otu000019,Otu000719,NA,0.833809408,3.28e-08,0.351386298214312,0,0.592597853107156
Otu000165_to_Otu000402,Otu000019,Otu000799,NA,0.583251403,0.00208011,-0.454192063729482,0,0.064529669635259
Otu000165_to_Otu000431,Otu000019,Otu000805,NA,-0.73412496,1.28e-05,-0.335950473197283,0.002,-0.535037716598642
Otu000165_to_Otu000598,Otu000019,Otu000807,NA,-0.638485836,0.00045255,-0.438093986076666,0.01,-0.538289911038333
Otu000180_to_Otu000356,Otu000019,Otu000856,NA,-0.588869,0.001813369,-0.320424728529873,0,-0.454646864264937
Otu000180_to_Otu000530,Otu000019,Otu000861,NA,0.563420115,0.003338708,0.324795423322628,0,0.444107769161314
Otu000206_to_Otu000225,Otu000019,Otu000872,NA,0.645291621,0.000369648,-0.371957964918737,0.04,0.136666828040632
Otu000206_to_Otu000282,Otu000019,Otu000910,NA,-0.668188752,0.000175089,-0.486684226374332,0.002,-0.577436489187166
Otu000206_to_Otu000296,Otu000019,Otu000968,NA,-0.639157096,0.000443806,0.317356275910728,0,-0.160900410044636
Otu000206_to_Otu000331,Otu000019,Otu000978,NA,0.723413219,2.07e-05,0.537294680532174,0,0.630353949766087
Otu000225_to_Otu000252,Otu000019,Otu001053,NA,0.780138731,1.23e-06,-0.350737085672805,0.046,0.214700822663597
Otu000246_to_Otu000322,Otu000021,Otu000033,NA,-0.637928799,0.000461263,-0.466458129770615,0.004,-0.552193464385307
Otu000246_to_Otu000492,Otu000021,Otu000042,NA,-0.613432311,0.000950929,-0.355653426187569,0.012,-0.484542868593784
Otu000252_to_Otu000711,Otu000021,Otu000054,NA,-0.524523298,0.0076232,0.329365845810888,0.02,-0.097578726094556
Otu000260_to_Otu000282,Otu000021,Otu000066,NA,0.888785122,1.37e-10,0.414700155252541,0.028,0.651742638626271
Otu000276_to_Otu000322,Otu000021,Otu000075,NA,-0.609795595,0.001052989,0.399712736955858,0,-0.105041429022071
Otu000276_to_Otu000492,Otu000021,Otu000085,NA,0.894149113,7.55e-11,0.400617726020911,0.016,0.647383419510456
Otu000276_to_Otu000508,Otu000021,Otu000105,NA,-0.51672535,0.008872426,0.337677317628027,0,-0.0895240161859865
Otu000281_to_Otu000331,Otu000021,Otu000111,NA,-0.55791016,0.003763047,-0.346907991149832,0,-0.452409075574916
Otu000281_to_Otu000352,Otu000021,Otu000121,NA,-0.631185489,0.000568328,0.332317136205033,0.01,-0.149434176397484
Otu000296_to_Otu000388,Otu000021,Otu000130,NA,-0.537825126,0.005789423,0.38069242983091,0.048,-0.078566348084545
Otu000296_to_Otu000562,Otu000021,Otu000141,NA,0.601607427,0.00130213,0.347269954983765,0.04,0.474438690991883
Otu000322_to_Otu000391,Otu000021,Otu000150,NA,0.680114536,0.00011637,-0.346349894883153,0.036,0.166882320558424
Otu000322_to_Otu000805,Otu000021,Otu000152,NA,-0.514808975,0.009224595,0.461710806211656,0.036,-0.026549084394172
Otu000322_to_Otu000807,Otu000021,Otu000164,NA,-0.517564389,0.008743317,0.352122963580606,0.01,-0.082720712709697
Otu000331_to_Otu000366,Otu000021,Otu000230,NA,-0.550067881,0.004464594,-0.403465328624996,0.018,-0.476766604812498
Otu000352_to_Otu000388,Otu000021,Otu000246,NA,-0.603085302,0.001252052,-0.313889422589736,0.008,-0.458487362294868
Otu000388_to_Otu000402,Otu000021,Otu000265,NA,-0.592372051,0.001665192,0.333839305656125,0.044,-0.129266372671937
Otu000388_to_Otu000508,Otu000021,Otu000285,NA,-0.567284477,0.003058413,-0.320457418221495,0,-0.443870947610747
Otu000431_to_Otu000492,Otu000021,Otu000309,NA,-0.574052271,0.002618629,-0.344736226854226,0.032,-0.459394248927113
Otu000431_to_Otu000508,Otu000021,Otu000322,NA,0.780080156,1.23e-06,-0.335664464623131,0.016,0.222207845688435
Otu000537_to_Otu000807,Otu000021,Otu000331,NA,-0.61579324,0.000888476,0.309536344586063,0,-0.153128447706969
Otu000709_to_Otu000807,Otu000021,Otu000356,NA,-0.60394158,0.001224647,0.342601647732341,0.048,-0.13066996613383
